claim_id,claim,paper_location,proof_or_source,checker_or_experiment,raw_result,maturity,boundary,fresh_recheck,independent_review
C01,Conditioning on a feasible full-shadow value leaves a uniform affine fiber under the uniform reference law.,Main Lemma 1; supplement Sec. I-B; proofs sections 1-2,proofs/theorems.md,tests/test_core.py; src/oracle.py,results/cases/named_cases.csv,proved; finite checked,Finite declared history; zero-likelihood fibers excluded; proof shadow may reveal more than transcript,2026-09-15 final clean ZIP extraction: pass,not independently reviewed
C02,"For a rank-r affine response code, q ambient radius-t balls cover at most M(r,t,q) codewords, and the rank-only worst case is attained.",Main Lemma 2; supplement Sec. II-A; proofs section 3,proofs/theorems.md,src/coverage.py; src/campaigns.py coverage,results/coverage/profile.csv; results/coverage/direct.csv; results/coverage/subspaces.csv,proved; finite checked,"Exact minimax over all rank-r affine codes, not equality for each code geometry",2026-09-15 final clean ZIP extraction: pass,not independently reviewed
C03,"The normalized hazard v(r,t,q) is nonincreasing in residual rank.",Main Lemma 3; supplement Sec. II-A; proofs section 3,proofs/theorems.md,src/campaigns.py coverage,results/coverage/subspaces.csv,proved; finite checked,Fixed t and q,2026-09-15 final clean ZIP extraction: pass,not independently reviewed
C04,"A bounded retry epoch has conditional hazard at most v(r,t,q), and sequential conditional hazards compose by a survival product without independent attempts.",Main Lemma 4 and Theorem 1; supplement Sec. II-B; proofs section 4,proofs/theorems.md,src/certificate.py; src/oracle.py; src/campaigns.py,results/protocols/two_epoch.csv; results/protocols/post_rejection.csv,proved; finite checked,Fixed map/radius within an epoch; only accept/reject feedback; finite horizon,2026-09-15 final clean ZIP extraction: pass,not independently reviewed
C05,A predictable product admission filter bounds adaptive finite-horizon success by its declared budget.,Main Theorem 2; supplement Sec. II-B; proofs section 4,proofs/theorems.md,tests/test_core.py,unit-test output in results/reproduction/quick.json,proved; finite witness,Finite horizon and pathwise admission condition,2026-09-15 final clean ZIP extraction: pass,not independently reviewed
C06,One average conditional min-entropy deficit multiplies the terminal reference risk once; total-variation misspecification adds outside that multiplier.,Main Theorem 3; supplement Sec. II-C; proofs section 5,proofs/theorems.md,src/certificate.py; named capped-source case,results/cases/named_cases.csv,proved; finite witness,Reference bound must hold for every independent initial Z-law under same allowed policy,2026-09-15 final clean ZIP extraction: pass,not independently reviewed
C07,The independent-BSC flag recurrence lower-bounds survival and hence gives a sound eventual-risk bound.,Main Theorem 4; supplement Sec. III-A; proofs section 6,proofs/theorems.md,src/certificate.py; src/campaigns.py adaptive/additional,results/protocols/noisy_adaptive_obs0.csv; results/protocols/noisy_adaptive_obs1.csv; results/protocols/noisy_adaptive_obs2.csv; results/protocols/noisy_adaptive_obs3.csv; results/protocols/noisy_two_row.csv,proved; finite checked,Independent declared error bits; proof history retains flags; no correlated-error inference,2026-09-15 final clean ZIP extraction: pass,not independently reviewed
C08,"Coherent signal coupling and affine-coset averaging are sound; in the exact local-coverage domain their risk hierarchy is B_C <= B_H <= min(B_R,B_F) <= B_0.",Main Theorem 5; supplement Sec. III-B; proofs section 10,proofs/theorems.md,src/certificate.py; src/campaigns.py coverage/adaptive/additional,results/coverage/cosets.csv; results/protocols/noisy_*.csv; results/protocols/noisy_two_row.csv,proved; finite checked,Domination limited to exact local coverage and checked monotonic transitions; issued cross-regime result uses min of sound bounds,2026-09-15 final clean ZIP extraction: pass,not independently reviewed
C09,"The exact profile enumeration covers all center tuples for fixed q and produces M(r,t,q); its stated profile and weight-vector counts are exact.",Main Sec. VI-A; supplement Sec. IV-A; proofs section 7,proofs/theorems.md,src/coverage.py; src/campaigns.py coverage,results/coverage/profile.csv,proved; measured exact integers,"Code guards q/r; exactness requires exhaustive profiles, not only a witness",2026-09-15 final clean ZIP extraction: pass,not independently reviewed
C10,"For one guess per epoch and common radius, balanced integer residual ranks maximize the certified survival product under a fixed rank sum.",Main Proposition 1; supplement Sec. II-D; proofs section 8,proofs/theorems.md,src/campaigns.py coverage,results/coverage/log_concavity.csv; results/coverage/balanced_transfers.csv,proved; finite checked,"Only q=1, common radius, fixed epoch count and rank sum",2026-09-15 final clean ZIP extraction: pass,not independently reviewed
C11,"The exact finite coverage campaign contains 1,020 entries, 105 direct equalities, 465 subspaces, 7,989 affine-code inequalities, 273 log-concavity checks, 5,460 transfers and 18,265 coset partitions, with no failed stated inequality.",Main Table II; supplement Sec. IV-B; evaluation,src/campaigns.py; src/validate_results.py,python reproduce.py --group coverage; --group validate,results/coverage/*.csv; results/summary.json,measured; byte-reproduced,Declared bounded family only; finite checks are not general proofs,2026-09-15 final clean ZIP extraction: pass,not independently reviewed
C12,"Across 4,096 two-epoch models, 3,934 are exact, 162 conservative, maximum gap 1/2 and no certificate is below the oracle.",Main Table II; supplement Sec. V; evaluation,src/campaigns.py; src/oracle.py; src/validate_results.py,python reproduce.py --group noisy4; --group validate,results/protocols/two_epoch.csv; results/summary.json,measured; byte-reproduced,Fixed dimension/map/radius/guess inclusion rules in campaigns.py,2026-09-15 final clean ZIP extraction: pass,not independently reviewed
C13,"Across 87,040 noisy-observation models, 86,842 are exact, 198 conservative, 31,428 improve full-channel and 14,976 improve min(full, flag), with no certificate below the oracle.",Abstract; Main Table II; supplement Sec. V; evaluation,src/campaigns.py; src/oracle.py; src/validate_results.py,python reproduce.py --group noisy0..noisy4; --group validate,results/protocols/noisy_adaptive_obs*.csv; results/protocols/noisy_two_row.csv; results/summary.json,measured; byte-reproduced,Fixed exhaustive synthetic family; no deployment or statistical population claim,2026-09-15 final clean ZIP extraction: pass,not independently reviewed
C14,"All 5,120 observation-after-rejection models in the fixed family are certificate-exact and have no soundness violation.",Main Table II; supplement Sec. V; evaluation,src/campaigns.py; src/oracle.py; src/validate_results.py,python reproduce.py --group noisy4; --group validate,results/protocols/post_rejection.csv; results/summary.json,measured; byte-reproduced,Bounded family in campaigns.py,2026-09-15 final clean ZIP extraction: pass,not independently reviewed
C15,"Named examples expose strictness from code geometry, rejected-region abstraction, signal coupling and analytical flag information.",Main Table III; supplement Sec. V,proofs/theorems.md; cases/*.json,src/campaigns.py cases; tests/test_core.py,results/cases/named_cases.csv,finite witnesses; analytic explanations,Examples diagnose precision only; they do not quantify a deployment distribution,2026-09-15 final clean ZIP extraction: pass,not independently reviewed
C16,"The running-example coset certificate equals the oracle at 17/32, while the probability-preserving full-channel baseline is 5/8; the sensitivity curve contains 17 exact points.",Introduction; Main Fig. 3; supplement Sec. V,cases/noisy-observation.json,src/campaigns.py sensitivity; src/cli.py,results/sensitivity/noise_sweep.csv,measured exact rationals,"Synthetic four-bit model, not measured device noise",2026-09-15 final clean ZIP extraction: pass,not independently reviewed
C17,The closest 2025 PUF-AKE work and this certificate address nonidentical goals and neither is claimed to subsume the other.,Main Sec. VIII-A; literature/source_notes.md,literature/source_matrix.csv; cited full papers,manual source comparison,literature/source_notes.md,source-supported comparison; no priority claim,Comparison limited to published/full-text claims read; unknown unpublished work may overlap,2026-09-15 final clean ZIP extraction: pass,not independently reviewed
C18,"Physical entropy, reliability, uniqueness, unclonability, model conformance and full AKE security are excluded.",Abstract; Main Sec. VIII-D; model-language.md,model-language.md; literature/source_notes.md,not applicable,not applicable,non-claim,"No device observations, private data, service access or protocol deployment",2026-09-15 final clean ZIP extraction: pass,not applicable
